Coconut FroYo (Deluxe);;;;;;;;;;;;;;
;;;;;;;;;;;;;;
;Amount;Unit;;kcal;Fat;Carbs;Sugar;Protein;Salt;;;;;
Nutritional values per 100g/ml;100;g;;122.2;7.2;15.4;3.1;3.6;0.3;;;;;
Nutritional values per ¬Ω Deluxe Tub;340;g;;415.4;24.3;52.5;10.5;12.4;0.9;;;;;
Nutritional values total;669;g;;817.3;47.9;103.3;20.7;24.3;1.8;;;;;
;;;;;;;;;;;;;;
FPDF / PAC (target 20..30);31.82;;;;;;;;;;;;;
"Protein / Energy Ratio (ok=12%; hi=20%)";11.91%;;;;;;Low-Sugar;;;;;;;
‚ÑπÔ∏è Milk Solids Non-Fat (MSNF, 7-11%);72.6;g;;10.9%;;;;;;;;;;
‚ÑπÔ∏è Net carbs;53.3;g;;*‚àù 5 servings@134g:* 10.7g;;;*‚àù 3 servings@223g:* 17.8g;;;*energy ratio (low <20%):* 26.1%;;;;
;;;;;;;;;;;;;;
Tangy yogurt ice cream with coconut flavor.;;;;;;;;;;;;;;
;;;;;;;;;;;;;;
"Process on *FroYo*, do a scrape-down, and MIX-IN or RESPIN (choose depending on consistency you get after processing, and eventually want after a 2nd spin).

> Rating: üòãüêÆü•õü•• (untested)";;;;;;;;;;;;;;
;;;;;;;;;;;;;;
;;;;;;;;;;;;;;
1. Microwave the ‚Äòwet‚Äô ingredients to about 60¬∞C in the Creami tub.;;;;;;;;;;;;;;
;;;;;;;;;;;;;;
Ingredients;Amount;Unit;#;kcal;Fat;Carbs;Sugar;Protein;Salt;FPDF;MSNF;Comment;0Carb[%];Counts?
Yogurt mild 4% [REWE Bio];400.00;ml;1;71.00;3.80;5.00;5.00;4.10;0.15;0.05;10.27;"500g container; can be lower fat (2% or ‚Äòzero‚Äô), or buttermilk";;1
Coconut milk 22% [REWE Bio];200.00;ml;1;222.00;22.00;4.00;4.00;2.00;0.04;0.04;;;;0
Soy milk 1.6% (sugar-free) [Berief];150.00;ml;1;30.00;1.60;0.90;0.00;3.00;0.08;;4.00;use any other preferred milk (~2% fat);;1
Glycerin (E422, VG) [hd-line];20.00;g;1;400.00;;99.00;;;;3.70;;"Sweetness = 60%; GI = 5; Density = 1.26 g/ml";50.00;1
Brandy or Vodka 40 vol%;;g;1;280.00;;;;;;2.96;;*alternative:* 0g (additional) VG for a sober recipe;;1
Buttermilk 1% [REWE];;ml;1;35.00;0.50;4.00;4.00;3.50;0.15;0.04;8.50;;;1
Coconut Milk Powder 54% [Green Essence];55.00;g;2;640.00;55.00;40.25;1.25;6.25;0.13;;46.50;*alternative:* 200ml coconut milk 18‚Äì22%, and skip the soy milk;;1
SweEX (Erythritol + Xylitol 3:2);40.00;g;2;109.60;;100.00;;;;2.56;;*alternative:* 53g allulose or dextrose;100.00;1
Glycerol Monostearate (E471) [Bulk];3.00;g;2;415.00;;;;;;;;*alternative:* lecithin, or 0.5g xanthan;;1
Salt;1.00;g;2;;;;;;100.00;5.90;;;;1
Salty Stability [Inulin / GMS / CMC / Guar / XG / Salt];;g;2;267.5;3.6;88.4;5.9;0.3;3.5;0.06;;*not-as-good substitute:* 0g guar, 0g xanthan, and 0g salt;73.80;1
Skim milk powder 1:10 (SMP) [Vita2You];;g;2;358.00;0.97;50.50;50.50;35.00;1.00;0.51;94.03;;;1
Whey + Casein protein (grass-fed) [Vilgain];;g;2;384.00;4.60;5.70;5.60;80.00;0.50;0.06;90.40;with stevia;;1
;;;;;;;;;;;;;;
Flavor drops Vanilla (sucralose) [IronMaxx];‚âà3;drops;3;;;;;;;;;to taste;;
;;;;;;;;;;;;;;
;;;;;;;;;;;;;;
;;;;;;;;;;;;;;
;;;;;;;;;;;;;;
;;;;;;;;;;;;;;
;;;;;;;;;;;;;;
;;;;;;;;;;;;;;
;;;;;;;;;;;;;;
;;;;;;;;;;;;;;
;;;;;;;;;;;;;;
;;;;;;;;;;;;;;
;;;;;;;;;;;;;;
;;;;;;;;;;;;;;
;;;;;;;;;;;;;;
;;;;;;;;;;;;;;
;;;;;;;;;;;;;;
;;;;;;;;;;;;;;
;;;;;;;;;;;;;;
;;;;;;;;;;;;;;
;;;;;;;;;;;;;;
;;;;;;;;;;;;;;
;;;;;;;;;;;;;;
;;;;;;;;;;;;;;
;;;;;;;;;;;;;;
;;;;;;;;;;;;;;
;;;;;;;;;;;;;;
;;;;;;;;;;;;;;
;;;;;;;;;;;;;;
;;;;;;;;;;;;;;
;;;;;;;;;;;;;;
;;;;;;;;;;;;;;
;;;;;;;;;;;;;;
;;;;;;;;;;;;;;
;;;;;;;;;;;;;;
;;;;;;;;;;;;;;
;;;;;;;;;;;;;;
;;;;;;;;;;;;;;
;;;;;;;;;;;;;;
;;;;;;;;;;;;;;
;;;;;;;;;;;;;;
;;;;;;;;;;;;;;
;;;;;;;;;;;;;;
;;;;;;;;;;;;;;
;;;;;;;;;;;;;;
;;;;;;;;;;;;;;
;;;;;;;;;;;;;;
;;;;;;;;;;;;;;
;;;;;;;;;;;;;;
;;;;;;;;;;;;;;
;;;;;;;;;;;;;;
;;;;;;;;;;;;;;
;;;;;;;;;;;;;;
;;;;;;;;;;;;;;
;;;;;;;;;;;;;;
;;;;;;;;;;;;;;
;;;;;;;;;;;;;;
;;;;;;;;;;;;;;
;;;;;;;;;;;;;;
;;;;;;;;;;;;;;
;;;;;;;;;;;;;;
;;;;;;;;;;;;;;
;;;;;;;;;;;;;;
;;;;;;;;;;;;;;
;;;;;;;;;;;;;;
;;;;;;;;;;;;;;
;;;;;;;;;;;;;;
;;;;;;;;;;;;;;
;;;;;;;;;;;;;;
